finbif_api_var;finbif_api_query;translated_var;dwc;virva;type;groupby
unit.unitId;unitId;record_id;occurrenceID;Havainnon_tunniste;str;FALSE
unit.linkings.taxon.scientificName;target;scientific_name_interpreted;scientificNameInterpreted;Tieteellinen_nimi;str;TRUE
unit.interpretations.individualCount;individualCountMin;abundance_interpreted;individualCountInterpreted;Yksilomaara_tulkittu;int;FALSE
gathering.interpretations.coordinateAccuracy;coordinateAccuracyMax;coordinates_uncertainty_interpreted;coordinateUncertaintyInMetersInterpreted;Paikan_tarkkuus_metreina;int;TRUE
unit.interpretations.recordQuality;recordQuality;record_quality;occurrenceQuality;Havainnon_luotettavuus;str;FALSE
unit.abundanceString;;abundance_verbatim;verbatimAbundance;Maara;str;FALSE
gathering.interpretations.biogeographicalProvinceDisplayname;biogeographicalProvinceId;bio_province_interpreted;bioStateProvinceInterpreted;Eliomaakunta;str;TRUE
gathering.eventDate.begin;;date_start;eventDateStart;Keruu_aloitus_pvm;datetime;TRUE
gathering.eventDate.end;;date_end;eventDateEnd;Keruu_lopetus_pvm;datetime;TRUE
gathering.gatheringId;gatheringId;event_id;eventID;Keruutapahtuman_tunniste;str;FALSE
document.collectionId;collectionId;collection_id;collectionID;Aineiston_tunniste;str;TRUE
unit.breedingSite;breedingSite;is_breeding_location;breedingLocationStatus;Pesintapaikka;bool;TRUE
unit.det;;determiner;identifiedBy;Maarittaja;str;FALSE
unit.lifeStage;lifeStage;life_stage;lifeStage;Elinvaihe;str;FALSE
unit.linkings.taxon.id;taxonId;taxon_id;taxonID;Taksonin_tunniste;str;FALSE
unit.notes;;record_notes;occurrenceRemarks;Havainnon_lisatiedot;str;FALSE
unit.recordBasis;recordBasis;record_basis;basisOfRecord;Havaintotapa;str;FALSE
unit.sex;sex;sex;sex;Sukupuoli;str;FALSE
unit.taxonVerbatim;target;reported_name;verbatimIdentification;Alkuperainen_nimi;str;FALSE
document.documentId;documentId;document_id;catalogNumber;Havaintoeran_tunniste;str;FALSE
document.notes;;document_notes;documentRemarks;Havaintoeran_lisatiedot;str;FALSE
document.secureReasons;secureReason;restriction_reason;documentInformationWithheldReason;Karkeistuksen_syy;str;FALSE
gathering.conversions.eurefWKT;;footprint_euref;footprintWKT_EUREF;ETRS_TM35FIN_WKT;str;TRUE
gathering.displayDateTime;time;formatted_date_time;eventDateTimeDisplay;Aika;str;TRUE
gathering.locality;;locality;locality;Sijainti;str;TRUE
computed_municipality;finnishMunicipalityId;municipality_verbatim;verbatimCounty;Kunta;str;TRUE
gathering.notes;;event_notes;eventRemarks;Keruutapahtuman_lisatiedot;str;FALSE
gathering.team;teamMember;team;recordedBy;Havainnoijat;str;TRUE
unit.keywords;keyword;record_keywords;occurrenceKeywords;Avainsanat;str;FALSE
unit.linkings.taxon.nameEnglish;target;common_name_english;vernacularNameEnglish;Englanninkielinen_nimi;str;FALSE
unit.linkings.taxon.nameFinnish;target;common_name_finnish;vernacularNameFinnish;Suomenkielinen_nimi;str;TRUE
unit.linkings.taxon.nameSwedish;target;common_name_swedish;vernacularNameSwedish;Ruotsinkielinen_nimi;str;TRUE
unit.linkings.taxon.taxonomicOrder;;taxonomic_order;taxonTaxonomicOrder;Taksonominen_jarjestys;int;TRUE
document.linkings.collectionQuality;collectionQuality;collection_quality;collectionQuality;Aineiston_laatu;str;TRUE
unit.linkings.originalTaxon.latestRedListStatusFinland.status;redListStatusId;orig_last_red_list_status_id;originalLastRedListStatusID;Uhanalaisuusluokka;str;TRUE
unit.linkings.originalTaxon.administrativeStatuses;administrativeStatusId;orig_taxon_regulatory_status_id;originalTaxonRegulatoryStatusID;Hallinnollinen_asema;str;TRUE
unit.linkings.taxon.sensitive;sensitive;sensitive;sensitive;Sensitiivinen_laji;bool;TRUE
gathering.conversions.eurefCenterPoint.lat;;lat_euref;decimalLatitudeEUREF;ETRS_TM35FIN_N;double;TRUE
gathering.conversions.eurefCenterPoint.lon;;lon_euref;decimalLongitudeEUREF;ETRS_TM35FIN_E;double;TRUE
unit.abundanceUnit;;abundance_unit;abundanceUnit;Maaran_yksikko;str;TRUE
unit.linkings.originalTaxon.primaryHabitat.habitat;primaryHabitat;orig_primary_habitat_id;originalPrimaryHabitatID;Ensisijainen_biotooppi;str;TRUE
unit.atlasClass;atlasClass;atlas_class_id;atlasClassID;Atlasluokka;str;TRUE
unit.atlasCode;atlasCode;atlas_code_id;atlasCodeID;Atlaskoodi;str;FALSE
document.dataSource;sourceId;data_source;dataSource;Aineistolahde;str;TRUE
document.siteStatus;;site_status;siteStatus;Seurantapaikan_tila;str;TRUE
document.siteType;;site_type;siteType;Seurantapaikan_tyyppi;str;TRUE
gathering.stateLand;;state_land;stateLand;Valtion_maalla;bool;TRUE
unit.linkings.taxon.threatenedStatus;;threatened_status_id;threatenedStatusID;Lajiturva;str;FALSE
name;target;informal_group_name;InformalGroupName;Elioryhma;str;FALSE
unit.linkings.originalTaxon.vernacularName.fi;target;;;Yleiskielinen_nimi;str;FALSE
geometry;polygon;geometry;geometry;geometry;geom;FALSE
compute_from_individual_count;;;;Esiintyman_tila;str;FALSE
compute_from_collection_id;;;;Aineisto;str;FALSE
Seurattava laji;;;;Seurattava_laji;str;TRUE
Sijainnin tarkkuusluokka;;;;Sijainnin_tarkkuusluokka;str;TRUE
Havainnon laatu;;;;Havainnon_laatu;str;TRUE
Peittävyysprosentti;;;;Peittavyysprosentti;str;TRUE
Havainnon määrän yksikkö;;;;Havainnon_maaran_yksikko;str;TRUE
Vesistöalue;;;;Vesistoalue;str;FALSE
computed_ely_area;;;;Vastuualue;str;FALSE
Paikallinen_tunniste;;;;Paikallinen_tunniste;str;FALSE
document.loadDate;custom_load_date;;;Lataus_pvm;datetime;FALSE
Yhdistetty;;;;Yhdistetty;int;FALSE